id,username,password,firstName,lastName,emailAddress,phoneNumber,ipAddress
1,rberceros0,rFhWHC,Renard,Berceros,rberceros0@pen.io,2953350523,6.214.84.82
2,bwille1,VVibPJTwZ4kB,Bren,Wille,bwille1@google.com.au,1764754910,179.43.143.22
3,kferro2,8ALWHfFd1,Kristopher,Ferro,kferro2@miibeian.gov.cn,4458528708,137.145.154.234
4,ogobell3,odvUvT6G,Octavius,Gobell,ogobell3@posterous.com,6777788972,8.176.186.5
5,hcraigs4,0gqVQhuKOLZS,Halimeda,Craigs,hcraigs4@japanpost.jp,4047009492,222.98.157.46
6,ikezor5,1znGGe,Ian,Kezor,ikezor5@gizmodo.com,2442163289,221.253.92.210
7,jcolwell6,7oJ89DqEc9,Jobyna,Colwell,jcolwell6@kickstarter.com,2825227128,202.103.97.61
8,eskaif7,ALV5K1YKgK,Emmott,Skaif,eskaif7@bizjournals.com,2643693483,96.30.72.124
9,tpegden8,JPYNEvQC,Tomas,Pegden,tpegden8@youtube.com,2232384518,198.13.29.81
10,cgwinn9,12bED1ivx6U,Cordula,Gwinn,cgwinn9@chron.com,3516476066,113.226.233.31
11,laddlestonea,qkNAysLTOI,Lindsay,Addlestone,laddlestonea@artisteer.com,8148198612,194.154.101.236
12,wcockettb,f57mU9eD,Wilie,Cockett,wcockettb@barnesandnoble.com,4762533650,146.56.163.30
13,lmedcraftc,JzHKuKL9Y,Latrena,Medcraft,lmedcraftc@joomla.org,1634998900,216.136.16.141
14,ecawsd,BjyvHesKGR9,Elyssa,Caws,ecawsd@abc.net.au,9632808146,62.27.94.152
15,mpristnore,jWo893Tn,Mauricio,Pristnor,mpristnore@free.fr,2233362287,65.154.209.141
16,hwiddowsonf,xCPUazY4,Hilda,Widdowson,hwiddowsonf@auda.org.au,1253769448,226.121.155.50
17,msamberg,rBN0GfBx,Morganne,Samber,msamberg@naver.com,3023000199,113.138.35.91
18,cjeschnerh,GUvrU9,Cheslie,Jeschner,cjeschnerh@mlb.com,2375305393,254.7.48.234
19,hsiwardi,tF95Oc,Howie,Siward,hsiwardi@homestead.com,2036221307,54.170.106.138
20,tblissettj,x7rLyTg37w,Tanya,Blissett,tblissettj@people.com.cn,8352695385,205.163.194.16
21,flivingsk,9jQMJWq8Btv,Fernandina,Livings,flivingsk@bluehost.com,2378987628,248.117.182.198
22,cfernandesl,YjdLOtE,Chance,Fernandes,cfernandesl@wikispaces.com,2991000942,59.112.207.54
23,rwheadonm,JVUjRPrXKJi,Rancell,Wheadon,rwheadonm@unblog.fr,3669850381,62.149.207.117
24,jleybornen,uTyQbd365Vp,Jyoti,Leyborne,jleybornen@nature.com,7655259583,169.146.126.82
25,ppriseo,WjgqHfwrZdB,Patricia,Prise,ppriseo@rambler.ru,2724652999,16.39.251.75
26,hleidlp,L2htQs,Horton,Leidl,hleidlp@ezinearticles.com,1309960889,15.82.229.74
27,gimmsq,XfSdbadE,Graham,Imms,gimmsq@nature.com,1917762534,238.180.131.80
28,rhedgecockr,jXTAkp4R73Pa,Reider,Hedgecock,rhedgecockr@facebook.com,3616628594,107.92.28.171
29,ldenneys,Lj8kCbz1Wosz,Lavinie,Denney,ldenneys@miitbeian.gov.cn,5535785418,243.69.127.250
30,jgilliest,AwOt2epKE0,Jo-ann,Gillies,jgilliest@hud.gov,1431327242,253.236.114.129
31,cclimeru,2xpUtZPjiG5,Candide,Climer,cclimeru@washingtonpost.com,8844201728,56.81.129.10
32,grenneyv,JIszuj55ZD,Garner,Renney,grenneyv@senate.gov,8343542736,69.146.127.120
33,wolivellaw,fMmro1mC,Way,Olivella,wolivellaw@tripod.com,8939100091,16.47.228.164
34,cbethellx,OkQ2Ap3h,Cindie,Bethell,cbethellx@reuters.com,1559278132,184.132.169.251
35,bmcgloiny,ajswMuDOdd,Benji,McGloin,bmcgloiny@shutterfly.com,4212260382,217.94.201.25
36,tnolleauz,Iug1sgPE,Tris,Nolleau,tnolleauz@baidu.com,5748279355,9.73.101.242
37,tdelaunde10,FdbOJOCjf,Tomlin,De Launde,tdelaunde10@csmonitor.com,7095537861,226.90.137.94
38,hthurber11,Wz8kvf,Hannis,Thurber,hthurber11@facebook.com,7331748845,170.158.250.196
39,kgell12,mj1YKi7ZU,King,Gell,kgell12@ed.gov,8803667769,249.32.59.176
40,nmctaggart13,hcRy27GtF,Nessi,McTaggart,nmctaggart13@issuu.com,5095525098,108.221.241.61
41,cperritt14,8LvbC3mMuKi,Carlene,Perritt,cperritt14@dyndns.org,4564126466,168.39.85.83
42,edow15,ibOEHYkNaA,Efrem,Dow,edow15@g.co,6016707744,121.2.253.69
43,vtremblay16,XfBfhYS,Valina,Tremblay,vtremblay16@paginegialle.it,1119735504,199.255.142.165
44,mbechley17,MnISp7d9oHd,Mata,Bechley,mbechley17@w3.org,8032789692,130.9.142.130
45,desposi18,dfDwVj3whi,Danila,Esposi,desposi18@cafepress.com,6917305663,253.158.208.171
46,fwebling19,SGBWVzvcT,Felecia,Webling,fwebling19@usatoday.com,2691527416,114.89.230.232
47,mmccallister1a,wD49ClRLo,Mariska,McCallister,mmccallister1a@webs.com,2235660427,10.162.204.154
48,ntuddall1b,nppFEVbLFRL,Nicolas,Tuddall,ntuddall1b@go.com,7163657570,245.161.51.45
49,kmoberley1c,sHK1fqJAP,Katharina,Moberley,kmoberley1c@cdc.gov,5126229396,124.18.218.212
50,lpostan1d,gUnaqBmrD5Cz,Lem,Postan,lpostan1d@ucoz.ru,5721928352,146.63.68.179
51,pkennington1e,NBwZWcAUSpE,Patton,Kennington,pkennington1e@sbwire.com,3699656465,107.33.89.227
52,vpinare1f,mfh6gu,Violetta,Pinare,vpinare1f@fda.gov,6507726165,143.68.224.200
53,djannasch1g,t1FFtODo,Denny,Jannasch,djannasch1g@samsung.com,3423818813,2.101.203.147
54,wsimmers1h,z1JfO2oB28n,Whitman,Simmers,wsimmers1h@lycos.com,1431501746,45.2.90.195
55,astuddard1i,uKlSNeAw,Alfons,Studdard,astuddard1i@google.fr,3474021163,149.28.236.148
56,bdcruze1j,uEoBHbqV,Bernie,D'Cruze,bdcruze1j@sbwire.com,5048700433,225.37.40.120
57,bsandeman1k,JzTV97JcS,Bronnie,Sandeman,bsandeman1k@instagram.com,6066520706,254.202.182.14
58,gpascow1l,z3JRQ9cuQ1x,Ginger,Pascow,gpascow1l@alibaba.com,2681074740,219.116.239.131
59,ccowthard1m,jtPcZLIslXq,Carlota,Cowthard,ccowthard1m@yahoo.co.jp,4745942036,2.245.123.119
60,espirritt1n,yNahV5i5FwAD,Elwin,Spirritt,espirritt1n@npr.org,2092864263,63.81.88.32
61,lredgrave1o,x0jMtbOxHk,Lola,Redgrave,lredgrave1o@ca.gov,3701818708,85.246.128.208
62,treedy1p,oW1t8W5dO,Tiffie,Reedy,treedy1p@narod.ru,7149819318,110.175.82.66
63,lcourtonne1q,KZn3GlUlH,Lucho,Courtonne,lcourtonne1q@csmonitor.com,9245446041,249.144.156.233
64,lmatzl1r,KoVhyhSd,Laughton,Matzl,lmatzl1r@go.com,2101193871,77.55.50.169
65,thunter1s,0wG2MXpOwlLx,Teresa,Hunter,thunter1s@ucoz.com,2257869532,88.193.126.64
66,jtanby1t,9webLGa,Jodee,Tanby,jtanby1t@google.co.jp,3869247093,198.187.42.123
67,kkeiley1u,A197HwzZw,Katey,Keiley,kkeiley1u@ucoz.com,7872038997,11.152.196.199
68,dadamczyk1v,ppUNnZ4R,Davin,Adamczyk,dadamczyk1v@creativecommons.org,6136106799,101.38.42.252
69,fmattiazzo1w,d1k8VEm0nJo,Freddy,Mattiazzo,fmattiazzo1w@upenn.edu,4097926221,28.210.128.150
70,astickford1x,kMsTUp,Aleksandr,Stickford,astickford1x@weather.com,8034348636,18.168.57.63
71,hbettison1y,FPBgkGp,Hernando,Bettison,hbettison1y@businessinsider.com,9993167031,114.222.249.236
72,hmcelwee1z,lK01mbzyI0T,Hamel,McElwee,hmcelwee1z@youtube.com,7705474214,249.151.108.234
73,jgilliam20,lWvdBs,Jarib,Gilliam,jgilliam20@earthlink.net,5231489063,20.241.172.255
74,tluter21,i9QchVf9,Tessie,Luter,tluter21@marriott.com,9446953481,61.140.194.50
75,hweddeburnscrimgeour22,JUCuIYVOfI,Homerus,Weddeburn - Scrimgeour,hweddeburnscrimgeour22@dropbox.com,5666449353,118.57.17.252
76,gleipoldt23,T5OUb3fJe,Graeme,Leipoldt,gleipoldt23@usgs.gov,3988282514,174.216.103.112
77,ecristoforetti24,6h3uYRq,Everett,Cristoforetti,ecristoforetti24@ezinearticles.com,3356739446,183.222.116.144
78,jlujan25,QQpd79Mtjp1,Jaynell,Lujan,jlujan25@shop-pro.jp,4782015551,33.21.216.52
79,clinke26,TjFRG60,Conny,Linke,clinke26@oaic.gov.au,7211488398,170.154.7.107
80,nbarnwall27,bFoCRk,Niven,Barnwall,nbarnwall27@amazon.co.jp,4901398234,41.227.51.59
81,jhartrick28,tsTgMg4rjy,Jenn,Hartrick,jhartrick28@reference.com,3212511496,148.189.36.5
82,kpiddletown29,59XrvsnGXr,Katrina,Piddletown,kpiddletown29@discuz.net,9476073340,229.173.140.180
83,gknoller2a,M1x6NoxB5,Gregorio,Knoller,gknoller2a@washington.edu,8133183874,171.142.198.176
84,jeasey2b,nYBImw7g,Jerrilyn,Easey,jeasey2b@ft.com,5686282444,157.29.102.86
85,bcasbon2c,0AfFlM2w,Bessie,Casbon,bcasbon2c@naver.com,4114497944,29.204.59.41
86,sloft2d,k5Ijgjdx0e,Saunders,Loft,sloft2d@nps.gov,3174020683,204.147.10.157
87,jpechell2e,xWTTICk,Justina,Pechell,jpechell2e@imdb.com,7136776588,106.12.93.34
88,eshermore2f,nQBV9gBj7B,Emmie,Shermore,eshermore2f@theguardian.com,8891341246,202.144.101.113
89,nmorlon2g,gjIZseq7fna,Nady,Morlon,nmorlon2g@pcworld.com,3253066003,107.138.223.227
90,bgarvill2h,udT2Vc,Bronnie,Garvill,bgarvill2h@state.tx.us,2769186881,131.82.130.42
91,cdowbekin2i,nAdnh9be7,Camellia,Dowbekin,cdowbekin2i@accuweather.com,8339320482,203.82.71.165
92,dwharrier2j,Y4xuE96,Dacey,Wharrier,dwharrier2j@hostgator.com,1735508461,191.245.20.230
93,arobbins2k,yIjQs1s51nwZ,Adolf,Robbins,arobbins2k@hostgator.com,3907519261,197.49.189.194
94,bespinola2l,bHDYm7lLV,Bartholomew,Espinola,bespinola2l@amazon.de,1168967016,82.5.103.89
95,wleif2m,Cfx6vfbVy,Worth,Leif,wleif2m@technorati.com,2982631541,131.209.12.37
96,fhanne2n,shyXh0MasB5,Fran,Hanne,fhanne2n@ycombinator.com,6157511160,91.220.88.86
97,jmartyns2o,i9y6UHIjfe,Junette,Martyns,jmartyns2o@unc.edu,8843877773,166.234.118.2
98,bsutterfield2p,fAbMyyYCF,Boigie,Sutterfield,bsutterfield2p@360.cn,3896525681,209.174.75.241
99,amanssuer2q,eg48fWBZv,Ashlan,Manssuer,amanssuer2q@4shared.com,1189879111,97.202.215.22
100,pablott2r,ycWKJa,Phelia,Ablott,pablott2r@163.com,1449841245,28.132.16.222
101,ppechacek2s,JNNuTjk,Phoebe,Pechacek,ppechacek2s@hao123.com,5723957733,67.229.218.180
102,ugolde2t,FEPKLa,Umeko,Golde,ugolde2t@businessinsider.com,8202675883,233.244.131.11
103,btortoise2u,06gRPxthMYal,Brittni,Tortoise,btortoise2u@tinyurl.com,4687768909,32.140.31.40
104,pgration2v,YRjhtC3FHuQ,Pembroke,Gration,pgration2v@uiuc.edu,9362729920,230.1.218.101
105,dbergstram2w,GPp6HwpyvO,Donavon,Bergstram,dbergstram2w@163.com,3751198515,98.3.102.111
106,gsimner2x,wcLdqGJDvI,Galen,Simner,gsimner2x@nationalgeographic.com,8259144885,234.26.62.84
107,abalaison2y,LKKHWfWz0O3,Aristotle,Balaison,abalaison2y@themeforest.net,2938777626,196.149.26.181
108,bdignall2z,W6v5CAPA0sIf,Blondie,Dignall,bdignall2z@techcrunch.com,3635271853,68.128.28.122
109,gcostan30,7d9Gy6PUykJ,Grange,Costan,gcostan30@dailymotion.com,2208839440,125.218.13.165
110,glesslie31,VWcm1To3o,Gertruda,Lesslie,glesslie31@cpanel.net,1075670893,210.99.47.245
111,tellesworthe32,8mh79jw6,Terencio,Ellesworthe,tellesworthe32@yellowpages.com,5043479393,53.164.180.103
112,pdallinder33,ECqQK0Af8,Parsifal,Dallinder,pdallinder33@bandcamp.com,1068123716,72.176.123.93
113,dcapoun34,eqIbiK0LR,Desirae,Capoun,dcapoun34@hubpages.com,4921726460,193.183.241.221
114,tmcgarva35,wnYRHfIqpn,Toinette,McGarva,tmcgarva35@abc.net.au,1958908075,21.168.109.64
115,mfriskey36,99G2YzwYtG,Marcus,Friskey,mfriskey36@homestead.com,1737863656,84.54.4.77
116,bcrenshaw37,iOuG59vsu,Brennan,Crenshaw,bcrenshaw37@trellian.com,3599692055,196.197.224.187
117,cpeirce38,vRD8t67yjIuL,Clayborn,Peirce,cpeirce38@forbes.com,2194937208,19.132.240.149
118,bluckhurst39,4AlrHBtC5,Bidget,Luckhurst,bluckhurst39@google.com.hk,3912623385,231.243.56.65
119,dkoles3a,rCJE2n,Devlen,Koles,dkoles3a@columbia.edu,4055594561,66.111.189.235
120,cgreenough3b,CNh2LEF,Chariot,Greenough,cgreenough3b@amazon.co.jp,5923453854,180.143.187.190
121,bparnall3c,NBNLv2,Brock,Parnall,bparnall3c@wordpress.com,8185845375,195.148.133.212
122,kruddiforth3d,xf5CUil2DhzE,Karlis,Ruddiforth,kruddiforth3d@liveinternet.ru,7549549975,82.241.77.125
123,gbeeson3e,0cM8hwPxiGjp,Gayel,Beeson,gbeeson3e@xinhuanet.com,5507610543,198.244.235.215
124,cclery3f,DYQQtuex1KK,Cirillo,Clery,cclery3f@nih.gov,3655139577,97.110.251.26
125,ajenk3g,Yw9i0rNU,Alfi,Jenk,ajenk3g@independent.co.uk,6964434990,15.228.70.106
126,cruger3h,9cX1RnMe,Carlie,Ruger,cruger3h@opera.com,5457668097,68.13.239.195
127,fwisam3i,nuvLdD,Freedman,Wisam,fwisam3i@fema.gov,6191308135,23.206.101.105
128,osherwill3j,tcK4XgsMXX,Obidiah,Sherwill,osherwill3j@senate.gov,8676136394,242.196.31.134
129,ckneeland3k,L96BCtPWFvx,Carlotta,Kneeland,ckneeland3k@ca.gov,9415466810,213.187.110.233
130,lkumaar3l,hyu0cvnykZ,Luelle,Kumaar,lkumaar3l@gravatar.com,8594718886,49.5.24.26
131,ssunock3m,BQ42ERn,Salomone,Sunock,ssunock3m@buzzfeed.com,4587814968,184.44.12.228
132,bcorbett3n,8ZM3U29bQHx,Bonny,Corbett,bcorbett3n@nifty.com,6465796434,90.177.28.24
133,conge3o,CKCqucecB,Cal,Onge,conge3o@livejournal.com,4597889292,145.117.241.171
134,acucinotta3p,Vzp3B3q3a,Amity,Cucinotta,acucinotta3p@google.pl,9115967566,160.251.154.141
135,tmcdermottrow3q,18woiWuNSreP,Torrance,McDermott-Row,tmcdermottrow3q@nhs.uk,5347147794,53.99.233.13
136,bchaves3r,D6OThE2yH,Brooks,Chaves,bchaves3r@independent.co.uk,3058077868,232.146.148.211
137,ppainter3s,FQY5UnhieY,Peter,Painter,ppainter3s@ameblo.jp,5818023634,106.248.98.201
138,epude3t,B3uM0hv,Edward,Pude,epude3t@wix.com,4645717946,107.34.9.231
139,sspriggin3u,5JWwb9U0MM,Sonnie,Spriggin,sspriggin3u@imdb.com,8943078311,134.144.155.49
140,kdionisii3v,R2gmUz8Oedd,Kevyn,Dionisii,kdionisii3v@aboutads.info,6458821140,87.204.237.56
141,dlawn3w,ra6iyI3i,Dinnie,Lawn,dlawn3w@intel.com,9535916932,217.6.52.151
142,jplewes3x,I8mHhb,Jermayne,Plewes,jplewes3x@hc360.com,6588411004,59.188.118.214
143,mfierro3y,3PxQumetwrsL,Minny,Fierro,mfierro3y@pcworld.com,8154044781,112.62.7.33
144,lwalrond3z,gEpZ7DBN,Lem,Walrond,lwalrond3z@nih.gov,5486436004,19.218.190.72
145,dsandells40,Hqxx4cj9,Denys,Sandells,dsandells40@nih.gov,8903359595,35.105.168.187
146,aparmeter41,6jIsRQh1,Abbi,Parmeter,aparmeter41@nps.gov,6159793100,78.19.224.111
147,amartineau42,MeublAUou,Aggy,Martineau,amartineau42@newyorker.com,3705250191,47.19.7.15
148,cculleton43,lyM8Hm,Christy,Culleton,cculleton43@springer.com,9318821662,222.153.242.198
149,tbiddleston44,j4s8WNaJE9,Tomi,Biddleston,tbiddleston44@scribd.com,7872810752,0.42.136.206
150,sstanwix45,WdCovOO1Z5X,Shane,Stanwix,sstanwix45@reference.com,6767541001,137.235.44.177
151,bconstantinou46,9jP5he,Babita,Constantinou,bconstantinou46@cam.ac.uk,9716293372,136.221.31.75
152,jscamerden47,AElUZn,Jamie,Scamerden,jscamerden47@adobe.com,9879241556,71.180.119.156
153,djewess48,R6YNIUgkUrTE,Dosi,Jewess,djewess48@weather.com,5152162139,53.250.67.168
154,ritshak49,dUpWdB,Ranice,Itshak,ritshak49@nymag.com,9533644926,49.145.199.119
155,gcreffield4a,AWEnHH4vvr,Garwin,Creffield,gcreffield4a@sitemeter.com,9558561712,30.64.74.75
156,lcraighead4b,aT3WoLG,Leandra,Craighead,lcraighead4b@blog.com,8112105377,135.129.153.40
157,smorrell4c,i85j9BmNOLn,Sibby,Morrell,smorrell4c@chron.com,4026607786,85.57.17.141
158,lspiers4d,Xyhkrrx,Layney,Spiers,lspiers4d@oaic.gov.au,3495287320,119.160.87.81
159,sewen4e,1OB0dxYrUpV,Sigmund,Ewen,sewen4e@bbc.co.uk,2243329326,71.154.160.232
160,drubel4f,iWA63U6VQ,Deck,Rubel,drubel4f@goodreads.com,1778408867,216.32.34.145
161,jguitton4g,NyNWfesGl6l,Jermaine,Guitton,jguitton4g@answers.com,3341356768,196.127.116.232
162,lleeburne4h,CEE6LBBPd,Lorie,Leeburne,lleeburne4h@icq.com,8609142385,69.179.242.218
163,ibrewitt4i,43Yg8KjTn,Ilysa,Brewitt,ibrewitt4i@infoseek.co.jp,3251861801,226.103.96.251
164,rivie4j,6DGTATS,Randolf,Ivie,rivie4j@domainmarket.com,4417208713,14.118.239.52
165,ajuan4k,YJGVDWcy2,Abby,Juan,ajuan4k@woothemes.com,9072227379,130.193.28.132
166,rspencook4l,kh1Mr6R,Rolfe,Spencook,rspencook4l@miibeian.gov.cn,4955849655,169.46.68.82
167,dgheraldi4m,LvmGQ4I1WX,Donica,Gheraldi,dgheraldi4m@blogtalkradio.com,9399186657,133.49.67.12
168,ftonge4n,E49ko7,Ferrell,Tonge,ftonge4n@bigcartel.com,5815756282,221.128.16.78
169,pkamall4o,HjgJeNJhA,Pate,Kamall,pkamall4o@narod.ru,8666357616,69.69.227.230
170,kmendonca4p,saRM9V7zX,Kaylyn,Mendonca,kmendonca4p@gizmodo.com,3273897113,1.126.117.119
171,facklands4q,aHMQu9,Frayda,Acklands,facklands4q@infoseek.co.jp,7682345698,189.116.232.154
172,dbenes4r,KOiIyk,Debra,Benes,dbenes4r@desdev.cn,1189730464,79.113.153.72
173,sperott4s,c9CfXgAm5ne,Stephi,Perott,sperott4s@adobe.com,4185904545,250.255.32.143
174,prolse4t,G29lPI2U,Perry,Rolse,prolse4t@prnewswire.com,3336867044,43.19.24.95
175,lneiland4u,Fs4g3bGQc,Lia,Neiland,lneiland4u@accuweather.com,3674682126,228.158.155.197
176,gmarkus4v,7mh0kAt,Gussy,Markus,gmarkus4v@who.int,6007933756,0.196.48.246
177,tspelling4w,2vI4g63H,Town,Spelling,tspelling4w@cnn.com,4001312860,194.48.164.234
178,acowland4x,JFGFwMlY,Adamo,Cowland,acowland4x@amazon.co.uk,4026674006,183.92.145.181
179,cfosdyke4y,2PyqTCWzKA,Cyrille,Fosdyke,cfosdyke4y@bandcamp.com,2097575362,80.90.233.53
180,amorhall4z,Q3861im390,Arabel,Morhall,amorhall4z@dagondesign.com,5198663563,82.171.126.241
181,cswannack50,R1c4BX9yi,Colby,Swannack,cswannack50@howstuffworks.com,2081367380,231.35.28.219
182,kuccelli51,h02qq90ji0,Kylie,Uccelli,kuccelli51@ask.com,1359361394,239.230.254.31
183,bedgworth52,tFDWZZBU,Bunny,Edgworth,bedgworth52@squarespace.com,1806506190,161.3.247.3
184,sraiment53,by7ny8CM,Stinky,Raiment,sraiment53@nature.com,9233055661,145.92.110.139
185,bdilawey54,uPaGG9,Broderick,Dilawey,bdilawey54@arstechnica.com,9656100613,119.143.44.214
186,ykrysztowczyk55,8TRAmpjfnA,Yurik,Krysztowczyk,ykrysztowczyk55@fda.gov,3126455608,86.179.65.105
187,lgoodere56,BjmyPIPf,Lyle,Goodere,lgoodere56@paginegialle.it,6258634386,5.172.198.71
188,kbeseke57,DT5lZnVo,Kort,Beseke,kbeseke57@amazon.de,2174004373,184.59.193.37
189,lmapp58,6fHadoJi,Liuka,Mapp,lmapp58@weather.com,3907011234,204.118.40.193
190,alebarree59,oXH91P3iHG,Allen,Lebarree,alebarree59@xrea.com,4803819675,16.22.210.79
191,cmccowen5a,l6UHqL,Clayton,McCowen,cmccowen5a@unc.edu,5622074051,144.217.115.47
192,tlumbers5b,Lp8tNOW,Terrel,Lumbers,tlumbers5b@webs.com,3694166544,105.161.141.104
193,pgutherson5c,M4qP6nUMY,Pepita,Gutherson,pgutherson5c@google.co.jp,3041506073,138.55.251.45
194,llisimore5d,o7kngZxjGV,Lazare,Lisimore,llisimore5d@yahoo.com,2939885711,243.98.132.71
195,dkorpolak5e,1PyIfEHOTuV1,Dorita,Korpolak,dkorpolak5e@blogspot.com,6118289130,12.187.138.123
196,flawranson5f,fQjL09RaBa,Fanchette,Lawranson,flawranson5f@ft.com,6163107394,247.204.39.33
197,gjanaud5g,CWzX9HmuAYUC,Guglielma,Janaud,gjanaud5g@list-manage.com,6508431987,23.196.9.168
198,bgyse5h,YsqMiv,Betta,Gyse,bgyse5h@hatena.ne.jp,3899438876,118.159.232.46
199,mkenworthey5i,Srko6S,Mozes,Kenworthey,mkenworthey5i@pcworld.com,8054920703,74.41.22.24
200,dcaley5j,YreRZvHNb,Danice,Caley,dcaley5j@cbc.ca,4015146578,108.99.157.103
201,tdarwen5k,MfsphW,Tori,Darwen,tdarwen5k@google.com,4634984572,210.158.246.231
202,abalderson5l,ByhZo5b,Aleta,Balderson,abalderson5l@mail.ru,4257735852,151.144.197.134
203,gtinwell5m,FL1qAjNZ,Gardener,Tinwell,gtinwell5m@blog.com,9464640299,166.129.185.211
204,fleece5n,h3iDOmK,Fanechka,Leece,fleece5n@unesco.org,1711464825,252.195.123.208
205,tgianotti5o,7W3aaqS,Teena,Gianotti,tgianotti5o@springer.com,6222350370,54.43.216.109
206,atante5p,K9zk2Tye,Andriana,Tante,atante5p@weebly.com,4398593246,220.28.127.159
207,laspall5q,fDoGl5,Lari,Aspall,laspall5q@fastcompany.com,8533660157,104.43.92.91
208,stheobalds5r,f6ERnq48n5O,Silvanus,Theobalds,stheobalds5r@gravatar.com,4814978445,118.97.209.238
209,blacaze5s,q8IEYslEYd3w,Barbie,Lacaze,blacaze5s@elpais.com,1678937035,196.64.66.25
210,bivashinnikov5t,wc1Jdq1IZ,Baillie,Ivashinnikov,bivashinnikov5t@vinaora.com,3689506274,19.225.230.121
211,jgraeber5u,Sp06ED,Julianna,Graeber,jgraeber5u@sciencedirect.com,1665160035,116.185.69.67
212,jgiacobelli5v,ms6NbmpK,Johan,Giacobelli,jgiacobelli5v@altervista.org,6392907872,232.47.90.92
213,bmcaneny5w,UIB1Aun,Buddie,McAneny,bmcaneny5w@forbes.com,4512528768,127.119.177.92
214,gblaise5x,ShImk7hpOx,Gisella,Blaise,gblaise5x@berkeley.edu,8267272508,162.191.62.177
215,bdorow5y,3v4Ycj,Bobette,Dorow,bdorow5y@slashdot.org,4816103142,169.242.3.10
216,bsymes5z,HBPMpkzqGm,Barrie,Symes,bsymes5z@arstechnica.com,2858249714,158.243.25.28
217,nledekker60,oQwHmz10fa,Noe,Ledekker,nledekker60@fema.gov,7731983702,126.161.199.99
218,kscarborough61,q8ULfulw4xZ,Kimberlee,Scarborough,kscarborough61@biblegateway.com,1869123535,13.88.62.148
219,ahyland62,wTqIp2c94yk,Avrit,Hyland,ahyland62@51.la,8856654264,150.57.151.250
220,cstubbeley63,ntOgDIIBD,Constantine,Stubbeley,cstubbeley63@twitter.com,4543703344,220.133.41.136
221,esiehard64,COI4gxCv,Elbertine,Siehard,esiehard64@infoseek.co.jp,7512457081,172.113.251.80
222,omactague65,UxTOcRBz8s,Olvan,MacTague,omactague65@biblegateway.com,6075627680,33.151.159.21
223,fhedditeh66,lL1UXYC3Li,Farrah,Hedditeh,fhedditeh66@epa.gov,9025125607,194.116.46.155
224,rjelkes67,Z7MOfxB5k,Roth,Jelkes,rjelkes67@toplist.cz,1691948956,219.209.208.199
225,jbabbe68,vCCK7KR9r,Jermayne,Babbe,jbabbe68@mlb.com,9603944312,136.111.94.179
226,cyallowley69,zeV9MLdC,Cass,Yallowley,cyallowley69@acquirethisname.com,4017354648,88.185.131.51
227,mhawksby6a,0KWU4Y,Merralee,Hawksby,mhawksby6a@pbs.org,4157000538,79.50.38.96
228,celson6b,J1jG38b9p,Chevalier,Elson,celson6b@yolasite.com,5603921965,161.251.189.46
229,ebeadnell6c,I7fqay,Ezechiel,Beadnell,ebeadnell6c@fc2.com,2083396010,88.97.216.239
230,hdmitrichenko6d,7DgVWULacq,Haslett,Dmitrichenko,hdmitrichenko6d@webnode.com,2927951261,81.99.93.231
231,hwilkison6e,Hf3PcZIMD,Hurleigh,Wilkison,hwilkison6e@sitemeter.com,9421957024,11.233.118.31
232,tfancott6f,0G9dymR,Tildie,Fancott,tfancott6f@baidu.com,9301914438,180.38.177.106
233,kgawne6g,Q9sP4kw,Kipp,Gawne,kgawne6g@nydailynews.com,3361170593,63.74.229.33
234,ariping6h,2CyjWZWg14o,Allistir,Riping,ariping6h@a8.net,9997114758,59.33.196.104
235,tweatherley6i,X7C9KejD9,Tad,Weatherley,tweatherley6i@furl.net,2254172130,191.86.83.58
236,ghendrikse6j,pOhLjx1fXpdb,Gustavus,Hendrikse,ghendrikse6j@businesswire.com,9941256602,32.247.228.56
237,mdrewclifton6k,kvkvRanGVGQr,Maximilianus,Drew-Clifton,mdrewclifton6k@feedburner.com,5587784624,23.128.42.26
238,gchislett6l,mCYKD0,Genovera,Chislett,gchislett6l@amazon.co.jp,9142319182,105.149.70.176
239,gmclafferty6m,yozGZYxN,Garth,McLafferty,gmclafferty6m@slashdot.org,6987894311,82.253.46.192
240,bgifford6n,FO7cNV3,Bran,Gifford,bgifford6n@vistaprint.com,3983017157,173.69.114.221
241,llassell6o,ChbYupA,Lou,Lassell,llassell6o@weather.com,6484080700,81.196.16.213
242,krospars6p,ofnu780wse,Kellen,Rospars,krospars6p@liveinternet.ru,1972211932,131.11.248.91
243,dpaolazzi6q,4xgqsmWcULn,Der,Paolazzi,dpaolazzi6q@netscape.com,9026788699,10.66.156.42
244,ipetracco6r,TNtuRTfF8,Inge,Petracco,ipetracco6r@blogspot.com,6422260559,15.90.177.98
245,abamlet6s,6ED5FyTa,Aksel,Bamlet,abamlet6s@meetup.com,2987453480,61.173.120.18
246,mvanes6t,lhVQsCZu5,Mehetabel,Vanes,mvanes6t@independent.co.uk,9612690413,198.153.63.64
247,prylance6u,qXhUO06,Pearline,Rylance,prylance6u@un.org,5725241297,176.175.218.214
248,dsinnock6v,tDk7uuUVmZu,Dorothea,Sinnock,dsinnock6v@barnesandnoble.com,8409499911,218.160.43.188
249,agabbitus6w,bCjU1o,Andriana,Gabbitus,agabbitus6w@1688.com,7595479608,147.66.212.176
250,vtottem6x,H3nLOU,Virgina,Tottem,vtottem6x@sohu.com,4484340385,114.246.5.11
251,ngallymore6y,weTr17fE,Netty,Gallymore,ngallymore6y@fda.gov,5717718028,96.186.82.5
252,cyesinin6z,zo5vTMaVut,Cirilo,Yesinin,cyesinin6z@so-net.ne.jp,1555098526,183.121.23.254
253,cgentil70,ZVedDetCCli,Catlaina,Gentil,cgentil70@google.es,7756844166,125.180.92.105
254,ealleway71,3CofxIF,Essy,Alleway,ealleway71@fotki.com,2709108981,99.86.141.86
255,ametheringham72,jMNlBk2ENpN,Adah,Metheringham,ametheringham72@dell.com,6653678133,200.91.63.232
256,bbockmann73,muwuGFXrQ,Barny,Bockmann,bbockmann73@home.pl,9857168877,211.47.40.246
257,tbysh74,yJoGgMOiO0,Terrence,Bysh,tbysh74@cnet.com,7851645759,147.3.219.217
258,ddulake75,bOlvuV,Darell,Dulake,ddulake75@infoseek.co.jp,1374116286,46.144.182.17
259,cgodar76,BlKzaUj4E6,Concordia,Godar,cgodar76@arizona.edu,3564102692,66.188.90.59
260,aisac77,pcBUZVK2H,Angelo,Isac,aisac77@shutterfly.com,9242164120,68.30.25.197
261,eiannello78,0fto9lhKw27,Eziechiele,Iannello,eiannello78@creativecommons.org,1567298937,7.235.207.42
262,evanderplas79,c1WAvvlJjyem,Ev,Vanderplas,evanderplas79@qq.com,4949603645,32.170.82.81
263,igrafhom7a,gOOZ3pWQt8G,Ira,Grafhom,igrafhom7a@earthlink.net,3794602165,55.89.222.123
264,gfacher7b,NGNr0oH,Giralda,Facher,gfacher7b@tinyurl.com,1414782027,75.57.214.84
265,bsollom7c,hwkDv6,Blondelle,Sollom,bsollom7c@cisco.com,5712001479,158.85.1.30
266,gvanweedenburg7d,f6d5Tegsij,Georgina,Van Weedenburg,gvanweedenburg7d@freewebs.com,3876200816,52.199.231.63
267,bbordessa7e,YWzYuQYZCWS,Blancha,Bordessa,bbordessa7e@google.com.br,2646264717,75.173.61.165
268,eiltchev7f,Ymrv9YLxN,Erica,Iltchev,eiltchev7f@gmpg.org,4409182069,108.242.75.15
269,lhabeshaw7g,zZ5tpXXDr2,Lani,Habeshaw,lhabeshaw7g@technorati.com,4702462182,187.141.82.115
270,llindsley7h,yQmxBRRC,Livy,Lindsley,llindsley7h@soup.io,1396514344,204.129.191.72
271,aphetteplace7i,GjP2BIB,Alma,Phetteplace,aphetteplace7i@diigo.com,6485000526,250.213.18.144
272,rwiggett7j,hZzAHmEab7,Ricki,Wiggett,rwiggett7j@nytimes.com,8168955079,156.90.8.105
273,ophillipp7k,TUNVu2iekoMK,Ora,Phillipp,ophillipp7k@51.la,9834144605,0.66.69.77
274,dreeson7l,8bjhPkyDQ,Denys,Reeson,dreeson7l@intel.com,5972460804,153.219.177.160
275,kspuffard7m,jzigwsZ08X,Kerwinn,Spuffard,kspuffard7m@cpanel.net,9116749868,135.2.131.224
276,galekseev7n,iGRH3Ue,Gweneth,Alekseev,galekseev7n@geocities.com,8187991167,196.14.122.184
277,kkille7o,jTqqIrcmn,Krysta,Kille,kkille7o@wikipedia.org,2962374058,91.245.196.37
278,vvannah7p,sLPPqaI0yyMl,Viki,Vannah,vvannah7p@cbslocal.com,2814771550,120.239.237.88
279,rsykes7q,58dObWgDy5a9,Raleigh,Sykes,rsykes7q@virginia.edu,7317237670,105.227.54.41
280,lblake7r,fPFqyZ,Lorie,Blake,lblake7r@google.ca,9332308726,22.155.111.53
281,tmccrossan7s,GWCe6iJe7g3s,Theressa,McCrossan,tmccrossan7s@trellian.com,4986364865,34.37.145.44
282,jickowics7t,uu0v7GiZds,Jobie,Ickowics,jickowics7t@goodreads.com,4528455456,51.44.221.80
283,wdemicoli7u,PYhy2RH1xDY,Worthington,De Micoli,wdemicoli7u@cdbaby.com,5238703778,188.164.197.214
284,steaze7v,Z5UNzUFSrq,Silvain,Teaze,steaze7v@behance.net,7596543209,189.64.123.56
285,cmatuszkiewicz7w,y6w43pzAC9,Clarine,Matuszkiewicz,cmatuszkiewicz7w@bloglovin.com,1505815489,115.206.170.66
286,meglaise7x,TtFMOyKY3KUp,Maggee,Eglaise,meglaise7x@qq.com,9065255945,41.255.211.150
287,rbearward7y,U2Y1giNiIVjL,Reggie,Bearward,rbearward7y@msu.edu,7179934898,15.28.18.116
288,ckillbey7z,idVzfkv7Pyz,Corrine,Killbey,ckillbey7z@spotify.com,7687593746,223.64.217.234
289,jgrenshiels80,Zm7VM4,Jacky,Grenshiels,jgrenshiels80@e-recht24.de,6479435944,40.37.145.43
290,tmacbane81,sHfuMWiCOOH,Teresina,Macbane,tmacbane81@vistaprint.com,8125673563,254.177.174.124
291,kscohier82,fuSHKB3oB,Karim,Scohier,kscohier82@army.mil,6471567921,96.202.93.59
292,jmacmenamy83,anQcBb0gAle,Jennie,MacMenamy,jmacmenamy83@blogspot.com,7917477251,195.154.39.238
293,jmccreedy84,ngE9CetYeBQ,Joane,McCreedy,jmccreedy84@japanpost.jp,4264442380,223.114.168.92
294,fstoate85,wZEhnwod4rr,Ferguson,Stoate,fstoate85@cargocollective.com,5264116941,117.172.42.112
295,eszymoni86,XCNnSSex1k,Eleonore,Szymoni,eszymoni86@themeforest.net,3126637113,205.49.20.237
296,mcarding87,tACkRr4uk,Morly,Carding,mcarding87@icio.us,6642000871,216.83.205.224
297,cdomb88,BmIpFtqjRHw,Constantine,Domb,cdomb88@apple.com,9101575515,103.35.208.32
298,iroberti89,NAqTB3hWU7Xq,Izak,Roberti,iroberti89@harvard.edu,1615615421,193.1.60.194
299,aattenbrow8a,503AjFcr67,Adora,Attenbrow,aattenbrow8a@twitpic.com,4795065425,21.179.83.5
300,tpancast8b,Wr3L9b,Tris,Pancast,tpancast8b@china.com.cn,7809271687,214.235.49.166
